n_samples,n_features,wall_s,cpu_s,ram_change_gib,peak_gpu_gib,gpu_info,iter
50,50,62.7509880065918,62.25999999999999,1.049236297607422,0.0302395820617675,"GPU 0: util=18.0%, mem=0.0/0.0GiB; GPU 1: util=0.0%, mem=0.0/0.0GiB",0
50,100,59.219815492630005,58.72000000000001,0.0019760131835937,0.0336313247680664,"GPU 0: util=25.0%, mem=0.0/0.0GiB; GPU 1: util=0.0%, mem=0.0/0.0GiB",0
50,250,58.981274127960205,58.890000000000015,0.0018310546875,0.0446009635925293,"GPU 0: util=25.0%, mem=0.0/0.0GiB; GPU 1: util=0.0%, mem=0.0/0.0GiB",0
50,500,59.03102660179138,58.870000000000005,0.0029640197753906,0.0615572929382324,"GPU 0: util=26.0%, mem=0.0/0.0GiB; GPU 1: util=0.0%, mem=0.0/0.0GiB",0
50,750,65.77888321876526,65.79000000000002,7.62939453125e-06,0.0803613662719726,"GPU 0: util=26.0%, mem=0.0/0.0GiB; GPU 1: util=0.0%, mem=0.0/0.0GiB",0
50,1000,70.01620268821716,70.02999999999997,0.0004920959472656,0.0960588455200195,"GPU 0: util=24.0%, mem=0.0/0.0GiB; GPU 1: util=0.0%, mem=0.0/0.0GiB",0
100,50,71.62971234321594,71.09999999999997,3.4332275390625e-05,0.0364394187927246,"GPU 0: util=20.0%, mem=0.0/0.0GiB; GPU 1: util=0.0%, mem=0.0/0.0GiB",0
100,100,71.80646228790283,71.63,0.0,0.03373384475708,"GPU 0: util=24.0%, mem=0.0/0.0GiB; GPU 1: util=0.0%, mem=0.0/0.0GiB",0
100,250,70.7907190322876,70.63,1.52587890625e-05,0.0448441505432128,"GPU 0: util=22.0%, mem=0.0/0.0GiB; GPU 1: util=0.0%, mem=0.0/0.0GiB",0
100,500,72.84447145462036,72.86000000000001,0.0007400512695312,0.0620317459106445,"GPU 0: util=26.0%, mem=0.0/0.0GiB; GPU 1: util=0.0%, mem=0.0/0.0GiB",0
100,750,74.04345178604126,74.00999999999999,0.0043182373046875,0.0810694694519043,"GPU 0: util=26.0%, mem=0.0/0.0GiB; GPU 1: util=0.0%, mem=0.0/0.0GiB",0
100,1000,75.11139678955078,75.09000000000003,0.0033073425292968,0.0970005989074707,"GPU 0: util=24.0%, mem=0.0/0.0GiB; GPU 1: util=0.0%, mem=0.0/0.0GiB",0
250,50,75.22348928451538,75.06000000000006,3.814697265625e-05,0.0364398956298828,"GPU 0: util=21.0%, mem=0.0/0.0GiB; GPU 1: util=0.0%, mem=0.0/0.0GiB",0
250,100,69.02317667007446,68.88,0.0,0.0364303588867187,"GPU 0: util=21.0%, mem=0.0/0.0GiB; GPU 1: util=0.0%, mem=0.0/0.0GiB",0
250,250,70.02954339981079,70.04000000000019,3.814697265625e-06,0.0480232238769531,"GPU 0: util=20.0%, mem=0.0/0.0GiB; GPU 1: util=0.0%, mem=0.0/0.0GiB",0
250,500,72.04748368263245,72.04999999999973,3.814697265625e-05,0.0693707466125488,"GPU 0: util=22.0%, mem=0.0/0.0GiB; GPU 1: util=0.0%, mem=0.0/0.0GiB",0
250,750,74.2076907157898,74.25999999999999,0.0020408630371093,0.0916018486022949,"GPU 0: util=24.0%, mem=0.0/0.0GiB; GPU 1: util=0.0%, mem=0.0/0.0GiB",0
250,1000,95.3907778263092,95.47000000000004,0.0060272216796875,0.1104373931884765,"GPU 0: util=20.0%, mem=0.0/0.0GiB; GPU 1: util=0.0%, mem=0.0/0.0GiB",0
500,50,120.65212845802309,120.4599999999998,-0.0178680419921875,0.0396080017089843,"GPU 0: util=13.0%, mem=0.0/0.0GiB; GPU 1: util=0.0%, mem=0.0/0.0GiB",0
500,100,117.73434782028198,117.95000000000005,7.62939453125e-06,0.0442914962768554,"GPU 0: util=17.0%, mem=0.0/0.0GiB; GPU 1: util=0.0%, mem=0.0/0.0GiB",0
500,250,87.21527242660522,87.30999999999995,0.0016517639160156,0.0591859817504882,"GPU 0: util=19.0%, mem=0.0/0.0GiB; GPU 1: util=0.0%, mem=0.0/0.0GiB",0
500,500,95.96918940544128,96.08999999999992,0.0002403259277343,0.084634780883789,"GPU 0: util=15.0%, mem=0.0/0.0GiB; GPU 1: util=0.0%, mem=0.0/0.0GiB",0
500,750,123.07435464859007,123.2900000000002,7.62939453125e-05,0.112098217010498,"GPU 0: util=19.0%, mem=0.0/0.0GiB; GPU 1: util=0.0%, mem=0.0/0.0GiB",0
500,1000,124.61756420135498,124.84999999999992,0.0062751770019531,0.1419277191162109,"GPU 0: util=20.0%, mem=0.0/0.0GiB; GPU 1: util=0.0%, mem=0.0/0.0GiB",0
750,50,140.12966418266296,140.45000000000005,-0.012847900390625,0.0469799041748046,"GPU 0: util=11.0%, mem=0.0/0.0GiB; GPU 1: util=0.0%, mem=0.0/0.0GiB",0
750,100,141.10136604309082,141.38999999999942,-0.0203628540039062,0.0529589653015136,"GPU 0: util=11.0%, mem=0.0/0.0GiB; GPU 1: util=0.0%, mem=0.0/0.0GiB",0
750,250,123.76742243766785,124.09000000000016,0.0014495849609375,0.0708956718444824,"GPU 0: util=18.0%, mem=0.0/0.0GiB; GPU 1: util=0.0%, mem=0.0/0.0GiB",0
750,500,109.73782181739809,109.94000000000004,1.1444091796875e-05,0.1021833419799804,"GPU 0: util=22.0%, mem=0.0/0.0GiB; GPU 1: util=0.0%, mem=0.0/0.0GiB",0
750,750,116.59850931167604,116.82000000000016,0.0001144409179687,0.1374025344848632,"GPU 0: util=25.0%, mem=0.0/0.0GiB; GPU 1: util=0.0%, mem=0.0/0.0GiB",0
750,1000,150.98651933670044,151.19999999999936,3.4332275390625e-05,0.1737594604492187,"GPU 0: util=1.0%, mem=0.0/0.0GiB; GPU 1: util=0.0%, mem=0.0/0.0GiB",0
1000,50,157.4626398086548,157.75999999999976,-0.0303726196289062,0.0527544021606445,"GPU 0: util=10.0%, mem=0.0/0.0GiB; GPU 1: util=0.0%, mem=0.0/0.0GiB",0
1000,100,158.08102679252625,158.40999999999983,0.0,0.0606656074523925,"GPU 0: util=11.0%, mem=0.0/0.0GiB; GPU 1: util=0.0%, mem=0.0/0.0GiB",0
1000,250,159.97697019577026,160.27999999999977,0.0,0.0826430320739746,"GPU 0: util=13.0%, mem=0.0/0.0GiB; GPU 1: util=0.0%, mem=0.0/0.0GiB",0
1000,500,162.50216269493103,162.8400000000006,0.0006256103515625,0.1225218772888183,"GPU 0: util=16.0%, mem=0.0/0.0GiB; GPU 1: util=0.0%, mem=0.0/0.0GiB",0
1000,750,164.61921977996826,164.9399999999996,0.0004844665527343,0.1627459526062011,"GPU 0: util=17.0%, mem=0.0/0.0GiB; GPU 1: util=0.0%, mem=0.0/0.0GiB",0
1000,1000,168.74241304397583,169.11000000000013,0.0005836486816406,0.2021102905273437,"GPU 0: util=23.0%, mem=0.0/0.0GiB; GPU 1: util=0.0%, mem=0.0/0.0GiB",0
50,50,66.39706015586853,65.85,1.0643577575683594,0.0302395820617675,"GPU 0: util=23.0%, mem=0.0/0.0GiB; GPU 1: util=0.0%, mem=0.0/0.0GiB",1
50,100,58.38264298439026,57.88,0.0019798278808593,0.0336313247680664,"GPU 0: util=26.0%, mem=0.0/0.0GiB; GPU 1: util=0.0%, mem=0.0/0.0GiB",1
50,250,63.15420722961426,62.97999999999999,0.0018577575683593,0.0446009635925293,"GPU 0: util=24.0%, mem=0.0/0.0GiB; GPU 1: util=0.0%, mem=0.0/0.0GiB",1
50,500,67.60521721839905,67.41,0.0029449462890625,0.0615572929382324,"GPU 0: util=23.0%, mem=0.0/0.0GiB; GPU 1: util=0.0%, mem=0.0/0.0GiB",1
50,750,68.643306016922,68.58999999999997,7.62939453125e-06,0.0803613662719726,"GPU 0: util=25.0%, mem=0.0/0.0GiB; GPU 1: util=0.0%, mem=0.0/0.0GiB",1
50,1000,63.882033824920654,63.88000000000005,0.0003852844238281,0.0960588455200195,"GPU 0: util=28.0%, mem=0.0/0.0GiB; GPU 1: util=0.0%, mem=0.0/0.0GiB",1
100,50,59.99327826499939,59.47999999999996,3.4332275390625e-05,0.0364394187927246,"GPU 0: util=24.0%, mem=0.0/0.0GiB; GPU 1: util=0.0%, mem=0.0/0.0GiB",1
100,100,59.601233959198,59.47999999999991,3.814697265625e-06,0.03373384475708,"GPU 0: util=23.0%, mem=0.0/0.0GiB; GPU 1: util=0.0%, mem=0.0/0.0GiB",1
100,250,60.40063548088074,60.28999999999997,1.1444091796875e-05,0.0448441505432128,"GPU 0: util=25.0%, mem=0.0/0.0GiB; GPU 1: util=0.0%, mem=0.0/0.0GiB",1
100,500,61.58038377761841,61.57999999999993,0.0010566711425781,0.0620317459106445,"GPU 0: util=26.0%, mem=0.0/0.0GiB; GPU 1: util=0.0%, mem=0.0/0.0GiB",1
100,750,62.46907019615173,62.440000000000055,0.00433349609375,0.0810694694519043,"GPU 0: util=26.0%, mem=0.0/0.0GiB; GPU 1: util=0.0%, mem=0.0/0.0GiB",1
100,1000,62.91425132751465,62.89999999999998,0.0025558471679687,0.0970005989074707,"GPU 0: util=26.0%, mem=0.0/0.0GiB; GPU 1: util=0.0%, mem=0.0/0.0GiB",1
250,50,68.47426271438599,68.28000000000009,1.52587890625e-05,0.0364398956298828,"GPU 0: util=20.0%, mem=0.0/0.0GiB; GPU 1: util=0.0%, mem=0.0/0.0GiB",1
250,100,68.78664183616638,68.66000000000008,7.62939453125e-06,0.0364303588867187,"GPU 0: util=18.0%, mem=0.0/0.0GiB; GPU 1: util=0.0%, mem=0.0/0.0GiB",1
250,250,69.28601026535034,69.28999999999996,3.814697265625e-06,0.0480232238769531,"GPU 0: util=21.0%, mem=0.0/0.0GiB; GPU 1: util=0.0%, mem=0.0/0.0GiB",1
250,500,71.03733682632446,71.08000000000004,3.814697265625e-06,0.0693707466125488,"GPU 0: util=25.0%, mem=0.0/0.0GiB; GPU 1: util=0.0%, mem=0.0/0.0GiB",1
250,750,71.92611360549927,71.98000000000002,0.0028152465820312,0.0916018486022949,"GPU 0: util=24.0%, mem=0.0/0.0GiB; GPU 1: util=0.0%, mem=0.0/0.0GiB",1
250,1000,73.04069757461548,73.0799999999997,0.0060157775878906,0.1104373931884765,"GPU 0: util=22.0%, mem=0.0/0.0GiB; GPU 1: util=0.0%, mem=0.0/0.0GiB",1
500,50,84.83964371681213,84.68999999999983,-0.0146980285644531,0.0396080017089843,"GPU 0: util=17.0%, mem=0.0/0.0GiB; GPU 1: util=0.0%, mem=0.0/0.0GiB",1
500,100,85.30618834495544,85.3900000000001,1.1444091796875e-05,0.0442914962768554,"GPU 0: util=16.0%, mem=0.0/0.0GiB; GPU 1: util=0.0%, mem=0.0/0.0GiB",1
500,250,86.701504945755,86.80000000000018,0.0011520385742187,0.0591859817504882,"GPU 0: util=17.0%, mem=0.0/0.0GiB; GPU 1: util=0.0%, mem=0.0/0.0GiB",1
500,500,87.8280553817749,87.92999999999984,0.0029563903808593,0.084634780883789,"GPU 0: util=21.0%, mem=0.0/0.0GiB; GPU 1: util=0.0%, mem=0.0/0.0GiB",1
500,750,90.17158818244934,90.32999999999991,0.0046768188476562,0.112098217010498,"GPU 0: util=25.0%, mem=0.0/0.0GiB; GPU 1: util=0.0%, mem=0.0/0.0GiB",1
500,1000,93.39433121681212,93.56999999999994,0.0060043334960937,0.1419277191162109,"GPU 0: util=28.0%, mem=0.0/0.0GiB; GPU 1: util=0.0%, mem=0.0/0.0GiB",1
750,50,101.58791732788086,101.76,-0.0368080139160156,0.0469799041748046,"GPU 0: util=16.0%, mem=0.0/0.0GiB; GPU 1: util=0.0%, mem=0.0/0.0GiB",1
750,100,101.46846222877502,101.66999999999985,2.288818359375e-05,0.0529589653015136,"GPU 0: util=16.0%, mem=0.0/0.0GiB; GPU 1: util=0.0%, mem=0.0/0.0GiB",1
750,250,103.83017206192017,104.01,0.0013999938964843,0.0708956718444824,"GPU 0: util=18.0%, mem=0.0/0.0GiB; GPU 1: util=0.0%, mem=0.0/0.0GiB",1
750,500,108.51773715019226,108.7099999999998,0.0020065307617187,0.1021833419799804,"GPU 0: util=22.0%, mem=0.0/0.0GiB; GPU 1: util=0.0%, mem=0.0/0.0GiB",1
750,750,114.94406962394714,115.36000000000011,0.0003395080566406,0.1374025344848632,"GPU 0: util=25.0%, mem=0.0/0.0GiB; GPU 1: util=0.0%, mem=0.0/0.0GiB",1
750,1000,120.88259625434875,121.16999999999962,0.00653076171875,0.1737594604492187,"GPU 0: util=24.0%, mem=0.0/0.0GiB; GPU 1: util=0.0%, mem=0.0/0.0GiB",1
1000,50,119.00643849372864,119.29000000000042,-0.052947998046875,0.0527544021606445,"GPU 0: util=15.0%, mem=0.0/0.0GiB; GPU 1: util=0.0%, mem=0.0/0.0GiB",1
1000,100,119.91243815422058,120.19000000000004,3.4332275390625e-05,0.0606656074523925,"GPU 0: util=15.0%, mem=0.0/0.0GiB; GPU 1: util=0.0%, mem=0.0/0.0GiB",1
1000,250,124.18887567520142,124.44000000000004,0.0020599365234375,0.0826430320739746,"GPU 0: util=17.0%, mem=0.0/0.0GiB; GPU 1: util=0.0%, mem=0.0/0.0GiB",1
1000,500,127.69834542274477,127.96000000000004,0.0003623962402343,0.1225218772888183,"GPU 0: util=22.0%, mem=0.0/0.0GiB; GPU 1: util=0.0%, mem=0.0/0.0GiB",1
1000,750,125.31977534294128,125.67999999999984,0.000274658203125,0.1627459526062011,"GPU 0: util=22.0%, mem=0.0/0.0GiB; GPU 1: util=0.0%, mem=0.0/0.0GiB",1
1000,1000,126.6352608203888,127.01000000000022,0.0040092468261718,0.2021102905273437,"GPU 0: util=28.0%, mem=0.0/0.0GiB; GPU 1: util=0.0%, mem=0.0/0.0GiB",1
50,50,57.020055055618286,56.53999999999997,-0.047149658203125,0.0354928970336914,"GPU 0: util=25.0%, mem=0.0/0.0GiB; GPU 1: util=0.0%, mem=0.0/0.0GiB",2
50,100,56.96624660491944,56.48000000000002,0.0,0.0336313247680664,"GPU 0: util=26.0%, mem=0.0/0.0GiB; GPU 1: util=0.0%, mem=0.0/0.0GiB",2
50,250,57.372713565826416,57.26999999999998,0.0,0.0446009635925293,"GPU 0: util=23.0%, mem=0.0/0.0GiB; GPU 1: util=0.0%, mem=0.0/0.0GiB",2
50,500,58.20378613471985,58.07000000000016,0.0,0.0615572929382324,"GPU 0: util=25.0%, mem=0.0/0.0GiB; GPU 1: util=0.0%, mem=0.0/0.0GiB",2
50,750,58.356337547302246,58.34000000000015,0.004180908203125,0.0803613662719726,"GPU 0: util=24.0%, mem=0.0/0.0GiB; GPU 1: util=0.0%, mem=0.0/0.0GiB",2
50,1000,58.50440335273743,58.51000000000022,0.0057106018066406,0.0960588455200195,"GPU 0: util=29.0%, mem=0.0/0.0GiB; GPU 1: util=0.0%, mem=0.0/0.0GiB",2
100,50,59.70643854141235,59.21000000000004,0.0,0.0364394187927246,"GPU 0: util=24.0%, mem=0.0/0.0GiB; GPU 1: util=0.0%, mem=0.0/0.0GiB",2
100,100,59.34110236167908,59.19999999999982,0.0,0.03373384475708,"GPU 0: util=25.0%, mem=0.0/0.0GiB; GPU 1: util=0.0%, mem=0.0/0.0GiB",2
100,250,59.823527097702026,59.67000000000007,0.0,0.0448441505432128,"GPU 0: util=23.0%, mem=0.0/0.0GiB; GPU 1: util=0.0%, mem=0.0/0.0GiB",2
100,500,61.216676473617554,61.21000000000004,0.0,0.0620317459106445,"GPU 0: util=27.0%, mem=0.0/0.0GiB; GPU 1: util=0.0%, mem=0.0/0.0GiB",2
100,750,62.37020087242127,62.35999999999967,0.0,0.0810694694519043,"GPU 0: util=27.0%, mem=0.0/0.0GiB; GPU 1: util=0.0%, mem=0.0/0.0GiB",2
100,1000,62.810426235198975,62.82000000000016,0.0,0.0970005989074707,"GPU 0: util=28.0%, mem=0.0/0.0GiB; GPU 1: util=0.0%, mem=0.0/0.0GiB",2
250,50,68.01029133796692,67.84000000000015,0.0,0.0364398956298828,"GPU 0: util=21.0%, mem=0.0/0.0GiB; GPU 1: util=0.0%, mem=0.0/0.0GiB",2
250,100,68.48473882675171,68.31999999999971,0.0,0.0364303588867187,"GPU 0: util=21.0%, mem=0.0/0.0GiB; GPU 1: util=0.0%, mem=0.0/0.0GiB",2
250,250,69.3029625415802,69.2800000000002,0.0,0.0480232238769531,"GPU 0: util=21.0%, mem=0.0/0.0GiB; GPU 1: util=0.0%, mem=0.0/0.0GiB",2
250,500,70.5516722202301,70.57999999999947,0.0,0.0693707466125488,"GPU 0: util=25.0%, mem=0.0/0.0GiB; GPU 1: util=0.0%, mem=0.0/0.0GiB",2
250,750,71.91620469093323,71.93000000000029,0.0,0.0916018486022949,"GPU 0: util=22.0%, mem=0.0/0.0GiB; GPU 1: util=0.0%, mem=0.0/0.0GiB",2
250,1000,74.58928871154785,74.68000000000029,0.0050086975097656,0.1104373931884765,"GPU 0: util=26.0%, mem=0.0/0.0GiB; GPU 1: util=0.0%, mem=0.0/0.0GiB",2
500,50,85.77035164833069,85.60999999999967,0.0,0.0396080017089843,"GPU 0: util=63.0%, mem=0.0/0.0GiB; GPU 1: util=0.0%, mem=0.0/0.0GiB",2
500,100,98.05623316764832,98.16999999999916,0.0,0.0442914962768554,"GPU 0: util=55.0%, mem=0.0/0.0GiB; GPU 1: util=0.0%, mem=0.0/0.0GiB",2
500,250,95.7657027244568,95.88000000000012,0.0,0.0591859817504882,"GPU 0: util=17.0%, mem=0.0/0.0GiB; GPU 1: util=0.0%, mem=0.0/0.0GiB",2
500,500,95.13530373573305,95.27000000000044,0.0,0.084634780883789,"GPU 0: util=61.0%, mem=0.0/0.0GiB; GPU 1: util=0.0%, mem=0.0/0.0GiB",2
500,750,110.40692210197447,110.59000000000016,5.7220458984375e-05,0.112098217010498,"GPU 0: util=52.0%, mem=0.0/0.0GiB; GPU 1: util=0.0%, mem=0.0/0.0GiB",2
500,1000,106.1755075454712,106.23999999999978,0.0,0.1415543556213379,"GPU 0: util=11.0%, mem=0.0/0.0GiB; GPU 1: util=0.0%, mem=0.0/0.0GiB",2
750,50,100.20447039604188,100.42000000000009,0.0,0.0469799041748046,"GPU 0: util=15.0%, mem=0.0/0.0GiB; GPU 1: util=0.0%, mem=0.0/0.0GiB",2
750,100,100.63148546218872,100.85000000000036,-0.0283279418945312,0.0529589653015136,"GPU 0: util=17.0%, mem=0.0/0.0GiB; GPU 1: util=0.0%, mem=0.0/0.0GiB",2
750,250,102.46638822555542,102.70000000000071,3.0517578125e-05,0.0708956718444824,"GPU 0: util=18.0%, mem=0.0/0.0GiB; GPU 1: util=0.0%, mem=0.0/0.0GiB",2
750,500,107.11967754364014,107.29999999999929,0.0004539489746093,0.1021833419799804,"GPU 0: util=21.0%, mem=0.0/0.0GiB; GPU 1: util=0.0%, mem=0.0/0.0GiB",2
750,750,112.23989534378052,112.42999999999938,0.0092391967773437,0.1373968124389648,"GPU 0: util=26.0%, mem=0.0/0.0GiB; GPU 1: util=0.0%, mem=0.0/0.0GiB",2
750,1000,97.63705587387084,98.3100000000004,0.071868896484375,0.1742453575134277,"GPU 0: util=31.0%, mem=0.0/0.0GiB; GPU 1: util=0.0%, mem=0.0/0.0GiB",2
1000,50,92.61397743225098,93.31999999999972,0.019500732421875,0.0527544021606445,"GPU 0: util=14.0%, mem=0.0/0.0GiB; GPU 1: util=0.0%, mem=0.0/0.0GiB",2
1000,100,122.31793522834778,123.1299999999992,0.0910072326660156,0.0606656074523925,"GPU 0: util=2.0%, mem=0.0/0.0GiB; GPU 1: util=0.0%, mem=0.0/0.0GiB",2
1000,250,119.13068556785583,119.36000000000058,0.0285186767578125,0.0826430320739746,"GPU 0: util=18.0%, mem=0.0/0.0GiB; GPU 1: util=0.0%, mem=0.0/0.0GiB",2
1000,500,129.97280597686768,130.21999999999937,0.027435302734375,0.1225218772888183,"GPU 0: util=20.0%, mem=0.0/0.0GiB; GPU 1: util=0.0%, mem=0.0/0.0GiB",2
1000,750,134.73451280593872,135.0600000000004,0.0212059020996093,0.1627459526062011,"GPU 0: util=22.0%, mem=0.0/0.0GiB; GPU 1: util=0.0%, mem=0.0/0.0GiB",2
1000,1000,137.62885999679563,137.97999999999865,0.0016632080078125,0.2021918296813964,"GPU 0: util=28.0%, mem=0.0/0.0GiB; GPU 1: util=0.0%, mem=0.0/0.0GiB",2
50,50,55.51693105697632,55.02000000000135,-0.0371818542480468,0.0362958908081054,"GPU 0: util=26.0%, mem=0.0/0.0GiB; GPU 1: util=0.0%, mem=0.0/0.0GiB",3
50,100,55.616321086883545,55.1299999999992,0.0,0.0336313247680664,"GPU 0: util=26.0%, mem=0.0/0.0GiB; GPU 1: util=0.0%, mem=0.0/0.0GiB",3
50,250,56.87943458557129,56.720000000000255,0.0,0.0446009635925293,"GPU 0: util=25.0%, mem=0.0/0.0GiB; GPU 1: util=0.0%, mem=0.0/0.0GiB",3
50,500,63.87656569480896,63.69000000000051,0.0,0.0615572929382324,"GPU 0: util=25.0%, mem=0.0/0.0GiB; GPU 1: util=0.0%, mem=0.0/0.0GiB",3
50,750,57.11767029762268,57.1299999999992,0.0045166015625,0.0803613662719726,"GPU 0: util=29.0%, mem=0.0/0.0GiB; GPU 1: util=0.0%, mem=0.0/0.0GiB",3
50,1000,58.470248222351074,58.48999999999978,0.0014190673828125,0.0960588455200195,"GPU 0: util=26.0%, mem=0.0/0.0GiB; GPU 1: util=0.0%, mem=0.0/0.0GiB",3
100,50,64.09032988548279,63.56999999999971,0.0,0.0364394187927246,"GPU 0: util=24.0%, mem=0.0/0.0GiB; GPU 1: util=0.0%, mem=0.0/0.0GiB",3
100,100,57.80614256858826,57.63999999999942,0.0,0.03373384475708,"GPU 0: util=24.0%, mem=0.0/0.0GiB; GPU 1: util=0.0%, mem=0.0/0.0GiB",3
100,250,58.43615770339966,58.3100000000004,0.0,0.0448441505432128,"GPU 0: util=24.0%, mem=0.0/0.0GiB; GPU 1: util=0.0%, mem=0.0/0.0GiB",3
100,500,59.52083873748779,59.53999999999997,0.0017051696777343,0.0620317459106445,"GPU 0: util=23.0%, mem=0.0/0.0GiB; GPU 1: util=0.0%, mem=0.0/0.0GiB",3
100,750,70.19709753990173,70.14999999999964,0.0,0.0810694694519043,"GPU 0: util=20.0%, mem=0.0/0.0GiB; GPU 1: util=0.0%, mem=0.0/0.0GiB",3
100,1000,65.17710137367249,65.21000000000004,0.00048828125,0.0970005989074707,"GPU 0: util=23.0%, mem=0.0/0.0GiB; GPU 1: util=0.0%, mem=0.0/0.0GiB",3
250,50,67.25122499465942,67.1299999999992,0.0,0.0364398956298828,"GPU 0: util=21.0%, mem=0.0/0.0GiB; GPU 1: util=0.0%, mem=0.0/0.0GiB",3
250,100,74.19353246688843,74.03000000000065,0.0,0.0364303588867187,"GPU 0: util=22.0%, mem=0.0/0.0GiB; GPU 1: util=0.0%, mem=0.0/0.0GiB",3
250,250,67.00663232803345,67.04999999999927,0.0,0.0480232238769531,"GPU 0: util=22.0%, mem=0.0/0.0GiB; GPU 1: util=0.0%, mem=0.0/0.0GiB",3
250,500,68.28034615516663,68.26000000000022,0.0,0.0693707466125488,"GPU 0: util=25.0%, mem=0.0/0.0GiB; GPU 1: util=0.0%, mem=0.0/0.0GiB",3
250,750,69.21338367462158,69.26000000000113,0.0037040710449218,0.0916018486022949,"GPU 0: util=27.0%, mem=0.0/0.0GiB; GPU 1: util=0.0%, mem=0.0/0.0GiB",3
250,1000,70.86297917366028,70.90000000000146,0.0058059692382812,0.1104373931884765,"GPU 0: util=27.0%, mem=0.0/0.0GiB; GPU 1: util=0.0%, mem=0.0/0.0GiB",3
500,50,83.27016997337341,83.07000000000062,-0.0158195495605468,0.0396080017089843,"GPU 0: util=18.0%, mem=0.0/0.0GiB; GPU 1: util=0.0%, mem=0.0/0.0GiB",3
500,100,88.63812232017517,88.73999999999978,0.0,0.0442914962768554,"GPU 0: util=18.0%, mem=0.0/0.0GiB; GPU 1: util=0.0%, mem=0.0/0.0GiB",3
500,250,90.54717493057252,90.71999999999936,0.0008201599121093,0.0591859817504882,"GPU 0: util=19.0%, mem=0.0/0.0GiB; GPU 1: util=0.0%, mem=0.0/0.0GiB",3
500,500,90.45617938041688,90.72000000000116,0.0030364990234375,0.084634780883789,"GPU 0: util=22.0%, mem=0.0/0.0GiB; GPU 1: util=0.0%, mem=0.0/0.0GiB",3
500,750,87.5575180053711,87.71000000000095,0.0001564025878906,0.112098217010498,"GPU 0: util=25.0%, mem=0.0/0.0GiB; GPU 1: util=0.0%, mem=0.0/0.0GiB",3
500,1000,90.0226559638977,90.17000000000098,0.0,0.1415543556213379,"GPU 0: util=28.0%, mem=0.0/0.0GiB; GPU 1: util=0.0%, mem=0.0/0.0GiB",3
750,50,96.74781394004822,96.9399999999996,-0.0189208984375,0.0469799041748046,"GPU 0: util=12.0%, mem=0.0/0.0GiB; GPU 1: util=0.0%, mem=0.0/0.0GiB",3
750,100,80.44696354866028,81.14999999999964,0.0,0.0529589653015136,"GPU 0: util=21.0%, mem=0.0/0.0GiB; GPU 1: util=0.0%, mem=0.0/0.0GiB",3
750,250,82.93370223045349,83.60999999999876,0.0,0.0708956718444824,"GPU 0: util=23.0%, mem=0.0/0.0GiB; GPU 1: util=0.0%, mem=0.0/0.0GiB",3
750,500,83.08371806144714,83.83999999999924,0.0017776489257812,0.1021833419799804,"GPU 0: util=29.0%, mem=0.0/0.0GiB; GPU 1: util=0.0%, mem=0.0/0.0GiB",3
750,750,85.64789462089539,86.44000000000051,0.0004348754882812,0.1373968124389648,"GPU 0: util=32.0%, mem=0.0/0.0GiB; GPU 1: util=0.0%, mem=0.0/0.0GiB",3
750,1000,110.07986998558044,110.34000000000016,0.0002365112304687,0.1742453575134277,"GPU 0: util=4.0%, mem=0.0/0.0GiB; GPU 1: util=0.0%, mem=0.0/0.0GiB",3
1000,50,119.45850944519044,119.77999999999884,-0.0336036682128906,0.0527544021606445,"GPU 0: util=15.0%, mem=0.0/0.0GiB; GPU 1: util=0.0%, mem=0.0/0.0GiB",3
1000,100,116.75704097747804,117.01999999999862,0.0001182556152343,0.0606656074523925,"GPU 0: util=15.0%, mem=0.0/0.0GiB; GPU 1: util=0.0%, mem=0.0/0.0GiB",3
1000,250,119.65382790565492,119.83000000000176,0.0001182556152343,0.0826430320739746,"GPU 0: util=18.0%, mem=0.0/0.0GiB; GPU 1: util=0.0%, mem=0.0/0.0GiB",3
1000,500,127.4816792011261,127.72999999999956,0.0149345397949218,0.1225218772888183,"GPU 0: util=22.0%, mem=0.0/0.0GiB; GPU 1: util=0.0%, mem=0.0/0.0GiB",3
1000,750,129.70361351966858,129.97999999999956,0.0007476806640625,0.1627459526062011,"GPU 0: util=26.0%, mem=0.0/0.0GiB; GPU 1: util=0.0%, mem=0.0/0.0GiB",3
1000,1000,131.35266542434692,131.6700000000019,0.000579833984375,0.2021918296813964,"GPU 0: util=24.0%, mem=0.0/0.0GiB; GPU 1: util=0.0%, mem=0.0/0.0GiB",3
50,50,54.9020779132843,54.42000000000007,-0.0334358215332031,0.0362958908081054,"GPU 0: util=27.0%, mem=0.0/0.0GiB; GPU 1: util=0.0%, mem=0.0/0.0GiB",4
50,100,54.91533660888672,54.42000000000007,0.0,0.0336313247680664,"GPU 0: util=27.0%, mem=0.0/0.0GiB; GPU 1: util=0.0%, mem=0.0/0.0GiB",4
50,250,55.16518139839173,55.039999999999054,0.0,0.0446009635925293,"GPU 0: util=27.0%, mem=0.0/0.0GiB; GPU 1: util=0.0%, mem=0.0/0.0GiB",4
50,500,55.959796667099,55.82999999999993,0.0,0.0615572929382324,"GPU 0: util=27.0%, mem=0.0/0.0GiB; GPU 1: util=0.0%, mem=0.0/0.0GiB",4
50,750,56.1106960773468,56.07999999999993,0.0001182556152343,0.0803613662719726,"GPU 0: util=28.0%, mem=0.0/0.0GiB; GPU 1: util=0.0%, mem=0.0/0.0GiB",4
50,1000,56.92607665061951,56.94999999999891,0.0,0.0960588455200195,"GPU 0: util=27.0%, mem=0.0/0.0GiB; GPU 1: util=0.0%, mem=0.0/0.0GiB",4
100,50,57.7067129611969,57.20999999999913,0.0,0.0364394187927246,"GPU 0: util=25.0%, mem=0.0/0.0GiB; GPU 1: util=0.0%, mem=0.0/0.0GiB",4
100,100,57.899362564086914,57.76000000000022,0.0,0.03373384475708,"GPU 0: util=25.0%, mem=0.0/0.0GiB; GPU 1: util=0.0%, mem=0.0/0.0GiB",4
100,250,58.12842297554016,57.9900000000016,0.0001144409179687,0.0448441505432128,"GPU 0: util=25.0%, mem=0.0/0.0GiB; GPU 1: util=0.0%, mem=0.0/0.0GiB",4
100,500,58.463109731674194,58.43000000000029,0.0,0.0620317459106445,"GPU 0: util=26.0%, mem=0.0/0.0GiB; GPU 1: util=0.0%, mem=0.0/0.0GiB",4
100,750,59.165369749069214,59.19000000000051,0.0,0.0810694694519043,"GPU 0: util=28.0%, mem=0.0/0.0GiB; GPU 1: util=0.0%, mem=0.0/0.0GiB",4
100,1000,59.95794868469238,59.95999999999913,0.00018310546875,0.0970005989074707,"GPU 0: util=27.0%, mem=0.0/0.0GiB; GPU 1: util=0.0%, mem=0.0/0.0GiB",4
250,50,66.2863986492157,66.09999999999854,0.0,0.0364398956298828,"GPU 0: util=7.0%, mem=0.0/0.0GiB; GPU 1: util=0.0%, mem=0.0/0.0GiB",4
250,100,66.4851987361908,66.32999999999993,0.0,0.0364303588867187,"GPU 0: util=20.0%, mem=0.0/0.0GiB; GPU 1: util=0.0%, mem=0.0/0.0GiB",4
250,250,66.64142441749573,66.6200000000008,6.4849853515625e-05,0.0480232238769531,"GPU 0: util=22.0%, mem=0.0/0.0GiB; GPU 1: util=0.0%, mem=0.0/0.0GiB",4
250,500,67.62198758125305,67.64999999999964,0.0001144409179687,0.0693707466125488,"GPU 0: util=25.0%, mem=0.0/0.0GiB; GPU 1: util=0.0%, mem=0.0/0.0GiB",4
250,750,68.78399062156677,68.85000000000036,0.0,0.0916018486022949,"GPU 0: util=25.0%, mem=0.0/0.0GiB; GPU 1: util=0.0%, mem=0.0/0.0GiB",4
250,1000,70.27602458000183,70.35000000000036,0.0,0.1104373931884765,"GPU 0: util=27.0%, mem=0.0/0.0GiB; GPU 1: util=0.0%, mem=0.0/0.0GiB",4
500,50,81.78268623352051,81.58000000000175,0.0,0.0396080017089843,"GPU 0: util=17.0%, mem=0.0/0.0GiB; GPU 1: util=0.0%, mem=0.0/0.0GiB",4
500,100,81.50597834587097,81.57999999999811,8.0108642578125e-05,0.0442914962768554,"GPU 0: util=18.0%, mem=0.0/0.0GiB; GPU 1: util=0.0%, mem=0.0/0.0GiB",4
500,250,83.78905391693115,83.8700000000008,7.2479248046875e-05,0.0591859817504882,"GPU 0: util=20.0%, mem=0.0/0.0GiB; GPU 1: util=0.0%, mem=0.0/0.0GiB",4
500,500,86.05486845970154,86.17000000000007,0.0,0.084634780883789,"GPU 0: util=22.0%, mem=0.0/0.0GiB; GPU 1: util=0.0%, mem=0.0/0.0GiB",4
500,750,87.59154415130615,87.73000000000138,0.0,0.112098217010498,"GPU 0: util=24.0%, mem=0.0/0.0GiB; GPU 1: util=0.0%, mem=0.0/0.0GiB",4
500,1000,89.20934224128723,89.34000000000015,0.0058059692382812,0.1415543556213379,"GPU 0: util=28.0%, mem=0.0/0.0GiB; GPU 1: util=0.0%, mem=0.0/0.0GiB",4
750,50,97.51825857162476,97.69000000000052,-0.037384033203125,0.0469799041748046,"GPU 0: util=14.0%, mem=0.0/0.0GiB; GPU 1: util=0.0%, mem=0.0/0.0GiB",4
750,100,98.41161847114564,98.57999999999991,0.0,0.0529589653015136,"GPU 0: util=16.0%, mem=0.0/0.0GiB; GPU 1: util=0.0%, mem=0.0/0.0GiB",4
750,250,100.31244397163393,100.51000000000022,0.0001335144042968,0.0708956718444824,"GPU 0: util=4.0%, mem=0.0/0.0GiB; GPU 1: util=0.0%, mem=0.0/0.0GiB",4
750,500,103.32486176490784,103.52000000000044,0.0029258728027343,0.1021833419799804,"GPU 0: util=22.0%, mem=0.0/0.0GiB; GPU 1: util=0.0%, mem=0.0/0.0GiB",4
750,750,109.98888182640076,110.23000000000138,0.0002212524414062,0.1373968124389648,"GPU 0: util=25.0%, mem=0.0/0.0GiB; GPU 1: util=0.0%, mem=0.0/0.0GiB",4
750,1000,116.6018533706665,116.85000000000218,1.52587890625e-05,0.1742453575134277,"GPU 0: util=27.0%, mem=0.0/0.0GiB; GPU 1: util=0.0%, mem=0.0/0.0GiB",4
1000,50,115.55238628387453,115.78999999999904,-0.0344772338867187,0.0527544021606445,"GPU 0: util=15.0%, mem=0.0/0.0GiB; GPU 1: util=0.0%, mem=0.0/0.0GiB",4
1000,100,117.3648521900177,117.56000000000132,0.0,0.0606656074523925,"GPU 0: util=6.0%, mem=0.0/0.0GiB; GPU 1: util=0.0%, mem=0.0/0.0GiB",4
1000,250,118.98528957366943,119.21999999999936,0.0,0.0826430320739746,"GPU 0: util=17.0%, mem=0.0/0.0GiB; GPU 1: util=0.0%, mem=0.0/0.0GiB",4
1000,500,124.86622333526611,125.11999999999898,0.00286865234375,0.1225218772888183,"GPU 0: util=22.0%, mem=0.0/0.0GiB; GPU 1: util=0.0%, mem=0.0/0.0GiB",4
1000,750,129.26702237129211,129.5699999999997,0.0,0.1627459526062011,"GPU 0: util=21.0%, mem=0.0/0.0GiB; GPU 1: util=0.0%, mem=0.0/0.0GiB",4
1000,1000,130.59371519088745,130.90999999999983,0.0,0.2021918296813964,"GPU 0: util=30.0%, mem=0.0/0.0GiB; GPU 1: util=0.0%, mem=0.0/0.0GiB",4
