,mean,sd,cv
sk__Bacteria;k__;p__Firmicutes;c__Clostridia;o__Clostridiales;f__Clostridiaceae;g__Butyricicoccus,21.360307692307693,1.8419310745310937,0.08623148603773749
sk__Bacteria;k__;p__Firmicutes;c__Clostridia;o__Clostridiales;f__Lachnospiraceae;g__Acetitomaculum,1.3246153846153847,0.1367546986503444,0.10324106169878831
sk__Bacteria;k__;p__Firmicutes;c__Clostridia;o__Clostridiales;f__Ruminococcaceae;g__Subdoligranulum,134.6970769230769,14.28879741793433,0.10608097624935321
sk__Bacteria;k__;p__Actinobacteria;c__Coriobacteriia;o__Coriobacteriales;f__Coriobacteriaceae;g__Collinsella,9.928384615384616,1.0963459001656581,0.11042540580737528
sk__Bacteria;k__;p__Firmicutes;c__Clostridia;o__Clostridiales;f__Lachnospiraceae;g__Agathobacter,58.16284615384616,6.656889242064449,0.11445260475142913
sk__Bacteria;k__;p__Firmicutes;c__Erysipelotrichia;o__Erysipelotrichales;f__Erysipelotrichaceae;g__Erysipelatoclostridium,4.598692307692307,0.5461856901411478,0.11876978358117489
sk__Bacteria;k__;p__Firmicutes;c__Clostridia;o__Clostridiales;f__Lachnospiraceae;g__Marvinbryantia,4.460307692307692,0.5623601222853726,0.12608101527504492
sk__Bacteria;k__;p__Firmicutes;c__Clostridia;o__Clostridiales;f__Lachnospiraceae;g__Fusicatenibacter,71.11938461538462,9.013376826484388,0.12673586639182588
sk__Bacteria;k__;p__Bacteroidetes;c__Bacteroidia;o__Bacteroidales;f__Tannerellaceae;g__Parabacteroides,215.26799999999994,28.21472561840739,0.1310679042793507
sk__Bacteria;k__;p__Firmicutes;c__Clostridia;o__Clostridiales;f__Ruminococcaceae;g__Candidatus_Soleaferrea,1.9269230769230772,0.2598744274245227,0.13486497231604955
sk__Bacteria;k__;p__Actinobacteria;c__Coriobacteriia;o__Eggerthellales;f__Eggerthellaceae;g__Enterorhabdus,1.4986153846153847,0.20845079247271311,0.1390955909117884
sk__Bacteria;k__;p__Firmicutes;c__Clostridia;o__Clostridiales;f__Oscillospiraceae;g__Oscillibacter,30.840846153846154,4.319815854247929,0.1400680069768146
sk__Bacteria;k__;p__Firmicutes;c__Clostridia;o__Clostridiales;f__Lachnospiraceae;g__Blautia,151.25,21.57314156874868,0.14263234095040356
sk__Bacteria;k__;p__Bacteroidetes;c__Bacteroidia;o__Bacteroidales;f__Barnesiellaceae;g__Barnesiella,23.01276923076923,3.332999862158656,0.14483262873475145
sk__Bacteria;k__;p__Fibrobacteres;c__Fibrobacteria;o__Fibrobacterales;f__Fibrobacteraceae;g__Fibrobacter,1.5362307692307693,0.22680143348455375,0.1476350025185158
sk__Bacteria;k__;p__Bacteroidetes;c__Bacteroidia;o__Bacteroidales;f__Rikenellaceae;g__Alistipes,231.92600000000002,35.414828695204605,0.152698829347311
sk__Bacteria;k__;p__Firmicutes;c__Clostridia;o__Clostridiales;f__Lachnospiraceae;g__Shuttleworthia,2.172461538461538,0.3381566701736055,0.15565599859269344
sk__Bacteria;k__;p__Firmicutes;c__Clostridia;o__Clostridiales;f__Lachnospiraceae;g__Dorea,113.37299999999999,17.967286157607095,0.158479410067714
sk__Bacteria;k__;p__Bacteroidetes;c__Bacteroidia;o__Bacteroidales;f__Bacteroidaceae;g__Bacteroides,6522.371692307693,1040.7620609154553,0.159568039052865
sk__Bacteria;k__;p__Firmicutes;c__Clostridia;o__Clostridiales;f__;g__Intestinimonas,1.9415384615384612,0.3232758974636561,0.16650501850338215
sk__Bacteria;k__;p__Proteobacteria;c__Betaproteobacteria;o__Burkholderiales;f__Sutterellaceae;g__Parasutterella,80.19300000000001,13.441798325041393,0.1676181003958104
sk__Bacteria;k__;p__Firmicutes;c__Clostridia;o__Clostridiales;f__Lachnospiraceae;g__Anaerostipes,142.78038461538463,24.089116691148877,0.16871446841972645
sk__Bacteria;k__;p__Bacteroidetes;c__Bacteroidia;o__Bacteroidales;f__Odoribacteraceae;g__Odoribacter,31.75907692307693,5.371984611783884,0.16914800845109887
sk__Bacteria;k__;p__Bacteroidetes;c__Bacteroidia;o__Bacteroidales;f__Prevotellaceae;g__Prevotella,22.039846153846156,3.733619439183991,0.16940315341231504
sk__Bacteria;k__;p__Firmicutes;c__Clostridia;o__Clostridiales;f__Lachnospiraceae;g__Oribacterium,2.795846153846154,0.476506274546732,0.17043365347232983
sk__Bacteria;k__;p__Firmicutes;c__Clostridia;o__Clostridiales;f__Ruminococcaceae;g__Hydrogenoanaerobacterium,0.3146153846153846,0.05469724336151567,0.17385431875243124
sk__Bacteria;k__;p__Firmicutes;c__Erysipelotrichia;o__Erysipelotrichales;f__Erysipelotrichaceae;g__Holdemanella,20.156153846153845,3.6147324806817034,0.17933642044368897
sk__Bacteria;k__;p__Firmicutes;c__Clostridia;o__Clostridiales;f__Lachnospiraceae;g__Syntrophococcus,0.3546153846153846,0.06397737645058839,0.18041342599898127
sk__Bacteria;k__;p__Firmicutes;c__Bacilli;o__Lactobacillales;f__Lactobacillaceae;g__Lactobacillus,2.9875384615384615,0.541594139602419,0.1812844074058677
sk__Bacteria;k__;p__Firmicutes;c__Clostridia;o__Clostridiales;f__Ruminococcaceae;g__Faecalibacterium,2492.1913846153843,453.6039623395489,0.18201008363149954
sk__Bacteria;k__;p__Firmicutes;c__Erysipelotrichia;o__Erysipelotrichales;f__Erysipelotrichaceae;g__Turicibacter,1.427769230769231,0.2603946847784846,0.18237869199493176
sk__Bacteria;k__;p__Firmicutes;c__Clostridia;o__Clostridiales;f__Lachnospiraceae;g__Tyzzerella,9.299307692307693,1.7441150709603759,0.18755321671987532
sk__Bacteria;k__;p__Firmicutes;c__Clostridia;o__Clostridiales;f__Lachnospiraceae;g__Moryella,4.421615384615385,0.8297070401601067,0.18764794492230383
sk__Bacteria;k__;p__Actinobacteria;c__Coriobacteriia;o__Eggerthellales;f__Eggerthellaceae;g__Eggerthella,41.378230769230775,7.903970867251082,0.191017612892438
sk__Bacteria;k__;p__Firmicutes;c__Clostridia;o__Clostridiales;f__Lachnospiraceae;g__Roseburia,337.7482307692307,64.535850286733,0.1910767974705616
sk__Bacteria;k__;p__Firmicutes;c__Clostridia;o__Clostridiales;f__Ruminococcaceae;g__Anaerotruncus,0.815,0.15593025187197906,0.19132546241937148
sk__Bacteria;k__;p__Firmicutes;c__Clostridia;o__Clostridiales;f__Lachnospiraceae;g__Lachnoclostridium,178.3806923076923,34.65824090015535,0.19429367860268468
sk__Bacteria;k__;p__Firmicutes;c__Clostridia;o__Clostridiales;f__Ruminococcaceae;g__Ruminococcus,0.3534615384615385,0.0699951263678535,0.19802756099663138
sk__Bacteria;k__;p__Proteobacteria;c__Deltaproteobacteria;o__Desulfovibrionales;f__Desulfovibrionaceae;g__Bilophila,35.35061538461539,7.17594219986073,0.20299341671385732
sk__Bacteria;k__;p__Bacteroidetes;c__Bacteroidia;o__Bacteroidales;f__Paludibacteraceae;g__Paludibacter,0.4440769230769231,0.09092106742859317,0.2047417073564957
sk__Bacteria;k__;p__Firmicutes;c__Clostridia;o__Clostridiales;f__Ruminococcaceae;g__Papillibacter,0.1745384615384615,0.03575137549995625,0.204833795282842
sk__Bacteria;k__;p__Bacteroidetes;c__Bacteroidia;o__Bacteroidales;f__Tannerellaceae;g__Tannerella,1.2594615384615384,0.261494836605444,0.20762431294619632
sk__Bacteria;k__;p__Proteobacteria;c__Betaproteobacteria;o__Burkholderiales;f__Burkholderiaceae;g__Burkholderia,0.4046923076923077,0.08753107682127306,0.2162904388279297
sk__Bacteria;k__;p__Firmicutes;c__Erysipelotrichia;o__Erysipelotrichales;f__Erysipelotrichaceae;g__Faecalibaculum,0.2512307692307692,0.055684258332237405,0.22164585374041795
sk__Bacteria;k__;p__Firmicutes;c__Clostridia;o__Clostridiales;f__Ruminococcaceae;g__Negativibacillus,7.04676923076923,1.5624969721018844,0.2217323884084536
sk__Bacteria;k__;p__Firmicutes;c__Bacilli;o__Lactobacillales;f__Streptococcaceae;g__Streptococcus,34.707307692307694,7.710023134745876,0.22214408570949035
sk__Bacteria;k__;p__Firmicutes;c__Clostridia;o__Clostridiales;f__Ruminococcaceae;g__Acetanaerobacterium,0.12838461538461537,0.028791313647992933,0.22425828485380034
sk__Bacteria;k__;p__Proteobacteria;c__Gammaproteobacteria;o__Pseudomonadales;f__Pseudomonadaceae;g__Pseudomonas,3.643923076923077,0.8541558583812181,0.23440556794141537
sk__Bacteria;k__;p__Bacteroidetes;c__Bacteroidia;o__Bacteroidales;f__Prevotellaceae;g__Alloprevotella,12.483384615384614,2.991911109223822,0.23967146742689713
sk__Bacteria;k__;p__Firmicutes;c__Clostridia;o__Clostridiales;f__Clostridiales_Family_XIII._Incertae_Sedis;g__Mogibacterium,1.1081538461538463,0.26562355862072257,0.23969917132210722
sk__Bacteria;k__;p__Proteobacteria;c__Gammaproteobacteria;o__Pseudomonadales;f__Moraxellaceae;g__Acinetobacter,0.8062307692307692,0.19439043284481988,0.24111016381829256
sk__Bacteria;k__;p__Firmicutes;c__Negativicutes;o__Acidaminococcales;f__Acidaminococcaceae;g__Phascolarctobacterium,20.17923076923077,4.868491230255529,0.24126247853207314
sk__Bacteria;k__;p__Firmicutes;c__Clostridia;o__Clostridiales;f__Peptostreptococcaceae;g__Romboutsia,1.782923076923077,0.43621401992024383,0.24466227711450464
sk__Bacteria;k__;p__Firmicutes;c__Erysipelotrichia;o__Erysipelotrichales;f__Erysipelotrichaceae;g__Holdemania,4.958615384615385,1.2569112308709707,0.25348028297786795
sk__Bacteria;k__;p__Bacteroidetes;c__Bacteroidia;o__Bacteroidales;f__Rikenellaceae;g__Rikenella,0.31430769230769234,0.07973298029271912,0.25367810665737905
sk__Bacteria;k__;p__Firmicutes;c__Clostridia;o__Clostridiales;f__Lachnospiraceae;g__Sellimonas,1.2553076923076922,0.3230328986226655,0.2573336406698515
sk__Bacteria;k__;p__Firmicutes;c__Clostridia;o__Clostridiales;f__Peptococcaceae;g__Peptococcus,0.7996923076923079,0.2151543959123891,0.2690464743033436
sk__Bacteria;k__;p__Firmicutes;c__Clostridia;o__Clostridiales;f__Peptostreptococcaceae;g__Intestinibacter,0.8035384615384615,0.2178664479810947,0.27113381425911415
sk__Bacteria;k__;p__Verrucomicrobia;c__Verrucomicrobiae;o__Verrucomicrobiales;f__Akkermansiaceae;g__Akkermansia,105.23069230769232,28.873134117048917,0.27437939905046155
sk__Bacteria;k__;p__Firmicutes;c__Erysipelotrichia;o__Erysipelotrichales;f__Erysipelotrichaceae;g__Faecalitalea,1.4796153846153848,0.4060296433112167,0.27441566743136203
sk__Bacteria;k__;p__Firmicutes;c__Bacilli;o__Bacillales;f__;g__Gemella,3.804692307692308,1.0495326157429659,0.2758521664474024
sk__Bacteria;k__;p__Firmicutes;c__Clostridia;o__Clostridiales;f__Lachnospiraceae;g__Lachnospira,35.30684615384615,9.776075807163986,0.27688895701885713
sk__Bacteria;k__;p__Firmicutes;c__Bacilli;o__Lactobacillales;f__Streptococcaceae;g__Lactococcus,0.5827692307692307,0.16190293039257111,0.27781653842394577
sk__Bacteria;k__;p__Firmicutes;c__Negativicutes;o__Veillonellales;f__Veillonellaceae;g__Dialister,137.8843076923077,38.61776261105043,0.28007365926822264
sk__Bacteria;k__;p__Firmicutes;c__Clostridia;o__Clostridiales;f__Peptostreptococcaceae;g__Terrisporobacter,0.28330769230769237,0.08025217620735392,0.2832686100168119
sk__Bacteria;k__;p__Actinobacteria;c__Coriobacteriia;o__Eggerthellales;f__Eggerthellaceae;g__Slackia,0.3203846153846154,0.09105391988558545,0.2842019108064625
sk__Bacteria;k__;p__Firmicutes;c__Erysipelotrichia;o__Erysipelotrichales;f__Erysipelotrichaceae;g__Candidatus_Stoquefichus,0.2483846153846154,0.07404787499536734,0.29811779960851653
sk__Bacteria;k__;p__Firmicutes;c__Tissierellia;o__;f__;g__Sedimentibacter,0.7233846153846154,0.22013959629028224,0.3043188804519048
sk__Bacteria;k__;p__Actinobacteria;c__Actinobacteria;o__Actinomycetales;f__Actinomycetaceae;g__Actinomyces,3.637923076923077,1.1209044411059543,0.3081165866909141
sk__Bacteria;k__;p__Bacteroidetes;c__Bacteroidia;o__Bacteroidales;f__Odoribacteraceae;g__Butyricimonas,2.688384615384615,0.8319619360063357,0.30946536862509205
sk__Bacteria;k__;p__Firmicutes;c__Clostridia;o__Clostridiales;f__Eubacteriaceae;g__Anaerofustis,0.14723076923076922,0.04566089443409619,0.31013146689614357
sk__Bacteria;k__;p__Firmicutes;c__Negativicutes;o__Veillonellales;f__Veillonellaceae;g__Megasphaera,21.345384615384617,6.6375800488372,0.3109609017798103
sk__Bacteria;k__;p__Firmicutes;c__Erysipelotrichia;o__Erysipelotrichales;f__Erysipelotrichaceae;g__Dielma,0.08153846153846155,0.02573634819479202,0.3156344589888613
sk__Bacteria;k__;p__Firmicutes;c__Clostridia;o__Clostridiales;f__Clostridiaceae;g__Hungatella,0.750923076923077,0.23819496925082992,0.3172028887785971
sk__Bacteria;k__;p__Proteobacteria;c__Gammaproteobacteria;o__Pasteurellales;f__Pasteurellaceae;g__Haemophilus,25.750076923076925,8.20560666453147,0.3186633845422567
sk__Bacteria;k__;p__Firmicutes;c__Negativicutes;o__Acidaminococcales;f__Acidaminococcaceae;g__Succiniclasticum,3.503923076923077,1.12116040695927,0.319972893909384
sk__Bacteria;k__;p__Actinobacteria;c__Actinobacteria;o__Bifidobacteriales;f__Bifidobacteriaceae;g__Bifidobacterium,53.43692307692308,17.24430921603192,0.32270400732482685
sk__Bacteria;k__;p__Firmicutes;c__Clostridia;o__Clostridiales;f__Ruminococcaceae;g__Oscillospira,0.8688461538461537,0.2839806342055595,0.32684800749606246
sk__Bacteria;k__;p__Firmicutes;c__Clostridia;o__Clostridiales;f__Lachnospiraceae;g__Butyrivibrio,1.1904615384615382,0.391247559506392,0.3286519949327232
sk__Bacteria;k__;p__Firmicutes;c__Erysipelotrichia;o__Erysipelotrichales;f__Erysipelotrichaceae;g__Solobacterium,0.5682307692307692,0.1903508128500184,0.33498857006171445
sk__Bacteria;k__;p__Bacteroidetes;c__Flavobacteriia;o__Flavobacteriales;f__Flavobacteriaceae;g__Bergeyella,0.04430769230769229,0.014850216214850973,0.3351611298415028
sk__Bacteria;k__;p__Firmicutes;c__Clostridia;o__Clostridiales;f__Lachnospiraceae;g__Catonella,0.07100000000000001,0.023838936467914535,0.3357596685574475
sk__Bacteria;k__;p__Fusobacteria;c__Fusobacteriia;o__Fusobacteriales;f__Leptotrichiaceae;g__Leptotrichia,0.4595384615384615,0.15784106778920257,0.34347738219872254
sk__Bacteria;k__;p__Bacteroidetes;c__Bacteroidia;o__Bacteroidales;f__Porphyromonadaceae;g__Porphyromonas,8.066,2.7739479228808914,0.34390626368466987
sk__Bacteria;k__;p__Actinobacteria;c__Coriobacteriia;o__Eggerthellales;f__Eggerthellaceae;g__Gordonibacter,0.04469230769230769,0.015538671369644977,0.347681114975671
sk__Bacteria;k__;p__Firmicutes;c__Negativicutes;o__Veillonellales;f__Veillonellaceae;g__Allisonella,1.5986153846153845,0.5566266329863242,0.3481929664525882
sk__Bacteria;k__;p__Firmicutes;c__Clostridia;o__Clostridiales;f__Ruminococcaceae;g__Fournierella,2.4558461538461542,0.8584472464388757,0.3495525341007592
sk__Bacteria;k__;p__Lentisphaerae;c__Lentisphaeria;o__Victivallales;f__Victivallaceae;g__Victivallis,0.29938461538461536,0.10592391999199346,0.3538054881529588
sk__Bacteria;k__;p__Actinobacteria;c__Coriobacteriia;o__Coriobacteriales;f__Atopobiaceae;g__Libanicoccus,0.07407692307692308,0.026245223140846728,0.3542968855933557
sk__Bacteria;k__;p__Proteobacteria;c__Deltaproteobacteria;o__Myxococcales;f__Kofleriaceae;g__Haliangium,0.04792307692307692,0.0173266074906314,0.3615503970682312
sk__Bacteria;k__;p__Firmicutes;c__Clostridia;o__Clostridiales;f__Lachnospiraceae;g__Robinsoniella,0.158,0.057803869110505286,0.3658472728489838
sk__Bacteria;k__;p__Synergistetes;c__Synergistia;o__Synergistales;f__Synergistaceae;g__Fretibacterium,0.05607692307692307,0.02082250855919483,0.3713204544097471
sk__Bacteria;k__;p__Actinobacteria;c__Actinobacteria;o__Propionibacteriales;f__Propionibacteriaceae;g__Cutibacterium,0.11569230769230769,0.04338808897547629,0.37503002438584865
sk__Bacteria;k__;p__Actinobacteria;c__Actinobacteria;o__Micrococcales;f__Micrococcaceae;g__Rothia,3.6959230769230773,1.387173724489917,0.3753253776170008
sk__Bacteria;k__;p__Actinobacteria;c__Actinobacteria;o__Bifidobacteriales;f__Bifidobacteriaceae;g__Gardnerella,0.09030769230769231,0.03398821336149254,0.37636011387948065
sk__Bacteria;k__;p__Proteobacteria;c__Epsilonproteobacteria;o__Campylobacterales;f__Campylobacteraceae;g__Campylobacter,2.834076923076923,1.074368468715112,0.37908938179006946
sk__Bacteria;k__;p__Proteobacteria;c__Betaproteobacteria;o__Burkholderiales;f__Sutterellaceae;g__Sutterella,277.51030769230766,109.94647428511992,0.39618879456911477
sk__Bacteria;k__;p__Actinobacteria;c__Coriobacteriia;o__Coriobacteriales;f__Atopobiaceae;g__Atopobium,0.43753846153846154,0.17515077087222083,0.4003094270980427
sk__Bacteria;k__;p__Proteobacteria;c__Betaproteobacteria;o__Burkholderiales;f__Oxalobacteraceae;g__Massilia,0.05092307692307693,0.020449011167352257,0.40156668454737
sk__Bacteria;k__;p__Firmicutes;c__Bacilli;o__Bacillales;f__Staphylococcaceae;g__Staphylococcus,2.441923076923077,0.9903526461438814,0.4055625893799082
sk__Bacteria;k__;p__Bacteroidetes;c__Sphingobacteriia;o__Sphingobacteriales;f__Sphingobacteriaceae;g__Pedobacter,0.3906923076923077,0.1589538503170409,0.40685175312389105
sk__Bacteria;k__;p__Proteobacteria;c__Deltaproteobacteria;o__Desulfovibrionales;f__Desulfovibrionaceae;g__Desulfovibrio,15.797153846153844,6.427566551028657,0.4068813036592145
sk__Bacteria;k__;p__Firmicutes;c__Negativicutes;o__Veillonellales;f__Veillonellaceae;g__Veillonella,113.71753846153847,46.65955802669964,0.41031100969953216
sk__Bacteria;k__;p__Firmicutes;c__Clostridia;o__Clostridiales;f__Lachnospiraceae;g__Anaerosporobacter,0.6356923076923077,0.26621549907061615,0.418780431741598
sk__Bacteria;k__;p__Firmicutes;c__Bacilli;o__Lactobacillales;f__Carnobacteriaceae;g__Dolosigranulum,0.03169230769230769,0.013627259808121149,0.4299863531553037
sk__Bacteria;k__;p__Firmicutes;c__Clostridia;o__Clostridiales;f__Lachnospiraceae;g__Lachnoanaerobaculum,0.32546153846153847,0.1404572079575778,0.4315631537326639
sk__Bacteria;k__;p__Proteobacteria;c__Oligoflexia;o__Bdellovibrionales;f__Bdellovibrionaceae;g__Bdellovibrio,0.033846153846153845,0.014619928236978101,0.4319524251706817
sk__Bacteria;k__;p__Firmicutes;c__Clostridia;o__Clostridiales;f__Ruminococcaceae;g__Anaerofilum,0.36938461538461537,0.1624218203435267,0.4397092179217266
sk__Bacteria;k__;p__Firmicutes;c__Clostridia;o__Clostridiales;f__;g__Howardella,0.8220000000000002,0.3712505588119514,0.45164301558576603
sk__Bacteria;k__;p__Firmicutes;c__Clostridia;o__Clostridiales;f__Syntrophomonadaceae;g__Syntrophomonas,0.03261538461538462,0.015011970427911418,0.46027267820015294
sk__Bacteria;k__;p__Firmicutes;c__Erysipelotrichia;o__Erysipelotrichales;f__Erysipelotrichaceae;g__Catenibacterium,5.4107692307692306,2.5790495923699086,0.47665118994601385
sk__Bacteria;k__;p__Firmicutes;c__Bacilli;o__Lactobacillales;f__Aerococcaceae;g__Abiotrophia,0.11476923076923075,0.055433869604128536,0.4830028852864558
sk__Bacteria;k__;p__Firmicutes;c__Bacilli;o__Lactobacillales;f__Carnobacteriaceae;g__Granulicatella,4.007923076923078,1.9436078943922988,0.4849414165613031
sk__Bacteria;k__;p__Firmicutes;c__Erysipelotrichia;o__Erysipelotrichales;f__Erysipelotrichaceae;g__Merdibacter,0.12923076923076923,0.06298822112492965,0.48740885393913636
sk__Bacteria;k__;p__Firmicutes;c__Clostridia;o__Clostridiales;f__Clostridiaceae;g__Sarcina,0.04446153846153846,0.02191143759988183,0.4928178006782996
sk__Bacteria;k__;p__Firmicutes;c__Clostridia;o__Clostridiales;f__Peptostreptococcaceae;g__Peptostreptococcus,4.978692307692309,2.5021670610108315,0.5025751555572867
sk__Bacteria;k__;p__Firmicutes;c__Clostridia;o__Clostridiales;f__Clostridiales_Family_XII._Incertae_Sedis;g__Acidaminobacter,0.028923076923076923,0.014624883305155276,0.5056475610650137
sk__Bacteria;k__;p__Firmicutes;c__Clostridia;o__Clostridiales;f__Clostridiaceae;g__Caloramator,0.026692307692307692,0.014124406281170055,0.5291564312632038
sk__Bacteria;k__;p__Firmicutes;c__Clostridia;o__Clostridiales;f__Lachnospiraceae;g__Johnsonella,0.03323076923076923,0.01780016268383709,0.5356530437104599
sk__Bacteria;k__;p__Firmicutes;c__Clostridia;o__Clostridiales;f__Eubacteriaceae;g__Eubacterium,0.040846153846153845,0.02216799761690702,0.5427193390070356
sk__Bacteria;k__;p__Firmicutes;c__Clostridia;o__Clostridiales;f__Lachnospiraceae;g__Eisenbergiella,3.431307692307692,1.956968544600297,0.5703273270965644
sk__Bacteria;k__;p__Bacteroidetes;c__Bacteroidia;o__Bacteroidales;f__Rikenellaceae;g__Tidjanibacter,0.016384615384615386,0.009350673365065605,0.5706983743588441
sk__Bacteria;k__;p__Bacteroidetes;c__Bacteroidia;o__Bacteroidales;f__Prevotellaceae;g__Paraprevotella,39.820307692307686,22.837666787493475,0.5735180894120661
sk__Bacteria;k__;p__Firmicutes;c__;o__;f__;g__Hydrogenispora,0.029230769230769234,0.016917367382791926,0.5787520420230822
sk__Bacteria;k__;p__Firmicutes;c__Tissierellia;o__Tissierellales;f__Peptoniphilaceae;g__Finegoldia,0.1286923076923077,0.07493993891854546,0.5823187124527919
sk__Bacteria;k__;p__Firmicutes;c__Erysipelotrichia;o__Erysipelotrichales;f__Erysipelotrichaceae;g__Dubosiella,0.018692307692307692,0.010906558806377979,0.5834784546309816
sk__Bacteria;k__;p__Firmicutes;c__Negativicutes;o__Acidaminococcales;f__Acidaminococcaceae;g__Acidaminococcus,28.941923076923075,16.987363557052944,0.5869466072417725
sk__Bacteria;k__;p__Firmicutes;c__Tissierellia;o__Tissierellales;f__Peptoniphilaceae;g__Anaerococcus,2.023384615384615,1.1878797710377798,0.5870756167686857
sk__Bacteria;k__;p__Firmicutes;c__Clostridia;o__Clostridiales;f__Ruminococcaceae;g__Angelakisella,0.024307692307692304,0.014442085851381679,0.5941364432286016
sk__Bacteria;k__;p__Firmicutes;c__Erysipelotrichia;o__Erysipelotrichales;f__Erysipelotrichaceae;g__Catenisphaera,0.019153846153846157,0.011485750873637488,0.5996576761023766
sk__Bacteria;k__;p__Firmicutes;c__Bacilli;o__Lactobacillales;f__Leuconostocaceae;g__Leuconostoc,0.021615384615384613,0.013115420293943194,0.6067632164176997
sk__Bacteria;k__;p__Actinobacteria;c__Actinobacteria;o__Corynebacteriales;f__;g__Lawsonella,0.22323076923076923,0.13587759893923326,0.6086866940737834
sk__Bacteria;k__;p__Deinococcus-Thermus;c__Deinococci;o__Deinococcales;f__Deinococcaceae;g__Deinococcus,0.05199999999999999,0.031699439840053446,0.609604612296997
sk__Bacteria;k__;p__Proteobacteria;c__Alphaproteobacteria;o__Rhodospirillales;f__Rhodospirillaceae;g__Defluviicoccus,0.014923076923076923,0.009280348277238422,0.6218790082268818
sk__Bacteria;k__;p__Fusobacteria;c__Fusobacteriia;o__Fusobacteriales;f__Fusobacteriaceae;g__Fusobacterium,150.07884615384614,95.54783334782044,0.6366509058170232
sk__Bacteria;k__;p__Bacteroidetes;c__Bacteroidia;o__Bacteroidales;f__Muribaculaceae;g__Muribaculum,0.010153846153846154,0.0064900321143883085,0.6391698293843848
sk__Bacteria;k__;p__Firmicutes;c__Tissierellia;o__Tissierellales;f__Peptoniphilaceae;g__Parvimonas,1.2044615384615385,0.7732592160716257,0.6419957726991179
sk__Archaea;k__;p__Euryarchaeota;c__Methanobacteria;o__Methanobacteriales;f__Methanobacteriaceae;g__Methanobrevibacter,1.2181538461538461,0.7843479397672153,0.643882496651012
sk__Bacteria;k__;p__Firmicutes;c__Clostridia;o__Clostridiales;f__Ruminococcaceae;g__Sporobacter,0.009846153846153846,0.006367939865692493,0.6467438925437088
sk__Bacteria;k__;p__Actinobacteria;c__Actinobacteria;o__Corynebacteriales;f__Corynebacteriaceae;g__Corynebacterium,2.3994615384615385,1.5536786692614266,0.6475113871827053
sk__Bacteria;k__;p__Firmicutes;c__Bacilli;o__Lactobacillales;f__Carnobacteriaceae;g__Atopostipes,0.02023076923076923,0.013296476249083231,0.6572402708347449
sk__Bacteria;k__;p__Deinococcus-Thermus;c__Deinococci;o__Deinococcales;f__Trueperaceae;g__Truepera,0.012230769230769233,0.008063643115680752,0.6592915754420061
sk__Bacteria;k__;p__Firmicutes;c__Bacilli;o__Lactobacillales;f__Leuconostocaceae;g__Weissella,0.02153846153846154,0.014369996517167057,0.6671784096946372
sk__Bacteria;k__;p__Firmicutes;c__Clostridia;o__Clostridiales;f__Clostridiaceae;g__Proteiniclasticum,0.013461538461538462,0.009235019952731655,0.686030053580532
sk__Bacteria;k__;p__Firmicutes;c__Clostridia;o__Clostridiales;f__Christensenellaceae;g__Christensenella,0.018692307692307696,0.012862542305698112,0.6881195471816045
sk__Bacteria;k__;p__Firmicutes;c__Bacilli;o__Bacillales;f__Bacillaceae;g__Bacillus,0.18176923076923082,0.12519953884109727,0.6887829051736394
sk__Bacteria;k__;p__Tenericutes;c__Mollicutes;o__Mycoplasmatales;f__Mycoplasmataceae;g__Mycoplasma,0.009384615384615387,0.006508612261521251,0.6935406507439361
sk__Bacteria;k__;p__Actinobacteria;c__Actinobacteria;o__Corynebacteriales;f__Gordoniaceae;g__Gordonia,0.01707692307692308,0.011966422450849265,0.7007364497834724
sk__Bacteria;k__;p__Bacteroidetes;c__Flavobacteriia;o__Flavobacteriales;f__Flavobacteriaceae;g__Capnocytophaga,0.03346153846153846,0.023902677729841983,0.7143328976520907
sk__Bacteria;k__;p__Proteobacteria;c__Gammaproteobacteria;o__Enterobacterales;f__Morganellaceae;g__Proteus,0.050769230769230775,0.036438142047448906,0.7177209797083415
sk__Bacteria;k__;p__Firmicutes;c__Tissierellia;o__Tissierellales;f__Peptoniphilaceae;g__Peptoniphilus,1.8880769230769232,1.3695945775473117,0.7253913020210071
sk__Bacteria;k__;p__Bacteroidetes;c__Flavobacteriia;o__Flavobacteriales;f__Flavobacteriaceae;g__Flavobacterium,0.05361538461538462,0.039079880356337075,0.7288930338922616
sk__Bacteria;k__;p__Firmicutes;c__Tissierellia;o__;f__;g__Ezakiella,0.0706923076923077,0.05185771221472648,0.7335693784351554
sk__Bacteria;k__;p__Firmicutes;c__Clostridia;o__Clostridiales;f__Clostridiaceae;g__Clostridium,1.7601538461538462,1.303168544372393,0.740371955110195
sk__Bacteria;k__;p__Spirochaetes;c__Spirochaetia;o__Brachyspirales;f__Brachyspiraceae;g__Brachyspira,0.1593076923076923,0.11914614407064353,0.7478995040601851
sk__Bacteria;k__;p__Verrucomicrobia;c__Spartobacteria;o__Chthoniobacterales;f__Chthoniobacteraceae;g__Chthoniobacter,0.016846153846153848,0.012718089033847248,0.7549550567589033
sk__Bacteria;k__;p__Bacteroidetes;c__Bacteroidia;o__Bacteroidales;f__Dysgonamonadaceae;g__Dysgonomonas,2.8910769230769238,2.1863878652045883,0.7562537847927259
sk__Bacteria;k__;p__Proteobacteria;c__Gammaproteobacteria;o__Pseudomonadales;f__Moraxellaceae;g__Moraxella,0.018076923076923077,0.013730768131428353,0.7595744072284857
sk__Bacteria;k__;p__Firmicutes;c__Bacilli;o__Lactobacillales;f__Enterococcaceae;g__Enterococcus,2.3779999999999997,1.832433652334102,0.7705776502663295
sk__Bacteria;k__;p__Firmicutes;c__Negativicutes;o__Selenomonadales;f__Selenomonadaceae;g__Megamonas,17.280923076923074,13.695713023526713,0.7925336489585537
sk__Bacteria;k__;p__Bacteroidetes;c__Bacteroidia;o__Bacteroidales;f__Barnesiellaceae;g__Coprobacter,12.179307692307694,10.005965159920763,0.8215545097230437
sk__Bacteria;k__;p__Actinobacteria;c__Coriobacteriia;o__Coriobacteriales;f__Atopobiaceae;g__Olsenella,0.0343076923076923,0.029062142713737294,0.8471028145012838
sk__Bacteria;k__;p__Firmicutes;c__Negativicutes;o__Selenomonadales;f__Selenomonadaceae;g__Selenomonas,0.3086923076923077,0.2618312725093338,0.8481950018964148
sk__Bacteria;k__;p__Firmicutes;c__Bacilli;o__Lactobacillales;f__Aerococcaceae;g__Aerococcus,0.06776923076923078,0.05791370392056875,0.8545722485315371
sk__Bacteria;k__;p__Proteobacteria;c__Gammaproteobacteria;o__Thiotrichales;f__Francisellaceae;g__Francisella,0.013692307692307695,0.011788499632442977,0.860957838261608
sk__Bacteria;k__;p__Actinobacteria;c__Actinobacteria;o__Streptomycetales;f__Streptomycetaceae;g__Streptomyces,0.011153846153846155,0.00971300523607895,0.8708211590186598
sk__Bacteria;k__;p__Firmicutes;c__Bacilli;o__Lactobacillales;f__Lactobacillaceae;g__Pediococcus,0.025923076923076924,0.02320490414502211,0.8951446702482213
sk__Bacteria;k__;p__Spirochaetes;c__Spirochaetia;o__Spirochaetales;f__Spirochaetaceae;g__Treponema,0.030923076923076925,0.027821519585725905,0.8997008820963698
sk__Bacteria;k__;p__Proteobacteria;c__Betaproteobacteria;o__Neisseriales;f__Neisseriaceae;g__Neisseria,2.005384615384615,1.8161223323464692,0.9056229505367215
sk__Bacteria;k__;p__Proteobacteria;c__Epsilonproteobacteria;o__Campylobacterales;f__Campylobacteraceae;g__Arcobacter,0.06615384615384616,0.061164483736596685,0.9245794053066712
sk__Bacteria;k__;p__Gemmatimonadetes;c__Gemmatimonadetes;o__Gemmatimonadales;f__Gemmatimonadaceae;g__Gemmatimonas,0.008769230769230769,0.00815115029039679,0.9295171382725836
sk__Bacteria;k__;p__Proteobacteria;c__Oligoflexia;o__Bacteriovoracales;f__Bacteriovoracaceae;g__Peredibacter,0.007692307692307692,0.007453109871566229,0.9689042831776522
sk__Bacteria;k__;p__Firmicutes;c__Clostridia;o__Thermoanaerobacterales;f__Thermoanaerobacterales_Family_III._Incertae_Sedis;g__Thermoanaerobacterium,0.038230769230769235,0.03805443891607448,0.9953877382213847
sk__Bacteria;k__;p__Actinobacteria;c__Actinobacteria;o__Micrococcales;f__Brevibacteriaceae;g__Brevibacterium,0.05592307692307692,0.05775877907990989,1.0328254855920245
sk__Bacteria;k__;p__Firmicutes;c__Bacilli;o__Bacillales;f__Alicyclobacillaceae;g__Tumebacillus,0.028307692307692305,0.02941239122200794,1.0390246898711846
sk__Bacteria;k__;p__Proteobacteria;c__Alphaproteobacteria;o__Caulobacterales;f__Caulobacteraceae;g__Asticcacaulis,0.01076923076923077,0.011233543022121359,1.0431147091001225
sk__Bacteria;k__;p__Actinobacteria;c__Actinobacteria;o__Actinomycetales;f__Actinomycetaceae;g__Varibaculum,0.021692307692307695,0.024085244899258625,1.1103127080706667
sk__Bacteria;k__;p__Proteobacteria;c__Gammaproteobacteria;o__Pasteurellales;f__Pasteurellaceae;g__Aggregatibacter,6.098692307692309,7.524758819820193,1.2338315232476882
sk__Bacteria;k__;p__Proteobacteria;c__Betaproteobacteria;o__Neisseriales;f__Neisseriaceae;g__Eikenella,4.593384615384615,5.719309342917262,1.2451187570403628
sk__Bacteria;k__;p__Tenericutes;c__Mollicutes;o__Anaeroplasmatales;f__Anaeroplasmataceae;g__Asteroleplasma,11.727923076923078,15.086059605708893,1.286336848115273
sk__Bacteria;k__;p__Firmicutes;c__Clostridia;o__Clostridiales;f__Lachnospiraceae;g__Stomatobaculum,0.2248461538461539,0.2953573562284772,1.3135975473667896
sk__Bacteria;k__;p__Firmicutes;c__Negativicutes;o__Veillonellales;f__Veillonellaceae;g__Negativicoccus,0.002076923076923077,0.0029291435022553497,1.410328352258714
sk__Bacteria;k__;p__Firmicutes;c__Bacilli;o__Bacillales;f__Paenibacillaceae;g__Paenibacillus,0.08576923076923076,0.12245291675431784,1.427702168419347
sk__Bacteria;k__;p__Proteobacteria;c__Gammaproteobacteria;o__Enterobacterales;f__Enterobacteriaceae;g__Enterobacter,77.44884615384616,126.89414951798324,1.6384253067620422
sk__Bacteria;k__;p__Actinobacteria;c__Actinobacteria;o__Propionibacteriales;f__Nocardioidaceae;g__Nocardioides,0.6452307692307693,1.057582429000758,1.6390762490448911
sk__Bacteria;k__;p__Fusobacteria;c__Fusobacteriia;o__Fusobacteriales;f__Leptotrichiaceae;g__Streptobacillus,0.24715384615384614,0.4235831208945019,1.7138439376303283
sk__Bacteria;k__;p__Firmicutes;c__Negativicutes;o__Veillonellales;f__Veillonellaceae;g__Anaeroglobus,0.023076923076923075,0.0407335230612102,1.7651193325759535
sk__Bacteria;k__;p__Proteobacteria;c__Gammaproteobacteria;o__Aeromonadales;f__Aeromonadaceae;g__Tolumonas,0.04315384615384616,0.07681424797644598,1.7800093113558957
sk__Bacteria;k__;p__Firmicutes;c__Negativicutes;o__Selenomonadales;f__Selenomonadaceae;g__Mitsuokella,0.6645384615384615,1.2407616077338066,1.8671027781589553
sk__Archaea;k__;p__Euryarchaeota;c__Thermoplasmata;o__Methanomassiliicoccales;f__Methanomassiliicoccaceae;g__Methanomassiliicoccus,0.0053846153846153835,0.010190789555489785,1.8925752028109106
sk__Bacteria;k__;p__Proteobacteria;c__Betaproteobacteria;o__Burkholderiales;f__Burkholderiaceae;g__Ralstonia,0.0839230769230769,0.18419413282021405,2.1947971829828146
sk__Bacteria;k__;p__Firmicutes;c__Clostridia;o__Clostridiales;f__Lachnospiraceae;g__Cuneatibacter,0.006538461538461537,0.020236644901871315,3.0950162786363755
sk__Bacteria;k__;p__Tenericutes;c__Mollicutes;o__Anaeroplasmatales;f__Anaeroplasmataceae;g__Anaeroplasma,1.5011538461538458,6.525103366720199,4.346725276315967
